ID,Gender,Status,Children,Age,Customer_Status,Car_Owner,Customer_Service,Satisfaction,Business_Area,Action
1016,Female,M,1,41.91,Inactive,No,"took a long time to check in, and it would have been nice if someone explained how to get the convertible top down.",0,Product: Functioning,Free Upgrade
1133,Female,S,1,56.05,Inactive,No,Please lower the prices.,0,Product: Pricing and Billing,Free Upgrade
1243,Female,D,0,18.94,Inactive,Yes,The car I reserved was not ready.,0,Product: Functioning,Free Upgrade
3382,Female,M,1,52.15,Inactive,No,They should upgrade me every time.,0,Service: Knowledge,Free Upgrade
3721,Female,M,2,61.71,Inactive,Yes,I didn't get the auto I was told would be available.  There were some hidden fees added on to the price I was quoted.,0,Product: Availability/Variety/Size,Free Upgrade
1737,Female,M,0,42.35,Inactive,Yes,auto cost more because I didn't pay when I reserved it,0,Product: Availability/Variety/Size,Free Upgrade
1934,Female,S,1,57.55,Inactive,No,"needed: shorter lines & cleaner vans, friendlier reps",0,Product: Functioning,Free Upgrade
2068,Female,S,2,53.28,Inactive,No,I expected customer service to recognize that I rent from their company every single day. I expect some difference for this loyalty.,0,Product: Functioning,Free Upgrade
2341,Female,M,2,18.77,Active,No,"it seems that they never have the class of auto that I ordered.  also, the last time I got there earlier than I thought and they wouldn't let me have the auto until the time that I had requested it because their computer wouldn't allow it.",0,Product: Functioning,Free Upgrade
2558,Female,S,0,55.11,Inactive,No,Customer Service at Alamo was RUDE. We waited in line for over an hour to get our auto. Car was bad. Had to change it few days later. Another family traveling with us was upgraded to a larger auto as they were out of the type of auto booked.,0,Product: Functioning,Free Upgrade
3,Female,M,0,48.5,Inactive,Yes,Car rental cost was higher because I decided to pay cash,0,Product: Availability/Variety/Size,Free Upgrade
4,Female,M,2,65.2,Inactive,Yes,I had to pay more because of some hidden fees. It disappointed me.,0,Product: Availability/Variety/Size,Free Upgrade
17,Female,S,1,53.04,Inactive,No,Please back to lower the prices.,0,Product: Pricing and Billing,Free Upgrade
22,Female,S,1,54.02,Inactive,No,Please stop increasing the prices.,0,Product: Pricing and Billing,Free Upgrade
30,Female,D,1,33,Active,No,Did not have some problems. My auto was not ready on time.,0,Service: Accessibility,Free Upgrade
38,Female,S,2,20.4,Inactive,No,They could really try work harder.,0,Service: Attitude,Free Upgrade
239,Female,M,1,46,Inactive,Yes,They did not have the auto I wanted.  upgraded me to a auto I did not like and did not want.,0,Product: Availability/Variety/Size,Free Upgrade
247,Female,M,0,44,Inactive,No,"delayed shuttle, almost missed flight, bad customer service",0,Product: Functioning,Free Upgrade
686,Female,M,1,63.65,Inactive,No,"Was average, nothing out of the ordinary.  Took a long time to get the auto.",0,Product: Functioning,Free Upgrade
759,Female,M,0,45.49,Inactive,No,"I haven't actually spoken with anyone from a auto rental organization for quite a while.  When I did (probably about three years ago), I believe they were attentive enough. However, I always hate to wait in lines when we have a lot of luggage.",0,Product: Functioning,Free Upgrade
803,Male,S,1,42.23,Inactive,Yes,accelerate the rental process!,0,Product: Functioning,Free Upgrade
1016,Male,M,1,41.91,Inactive,No,"took a long time to check in, and it would have been lovely if someone explained how to get the convertible top down.",0,Product: Functioning,Free Upgrade
1133,Male,S,1,56.05,Inactive,No,Please lower the prices.,0,Product: Pricing and Billing,Free Upgrade
1243,Male,D,0,18.94,Inactive,Yes,The auto I reserved was not ready.,0,Product: Functioning,Free Upgrade
3382,Male,M,1,52.15,Inactive,No,They should upgrade me every time.,0,Service: Knowledge,Free Upgrade
3721,Male,M,2,61.71,Inactive,Yes,I didn't get the car I was told would be available.  There were some hidden fees added on to the price I was quoted.,0,Product: Availability/Variety/Size,Free Upgrade
1737,Male,M,0,42.35,Inactive,Yes,car cost more because I didn't pay when I reserved it,0,Product: Availability/Variety/Size,Free Upgrade
1934,Male,S,1,57.55,Inactive,No,"needed: shorter lines & cleaner cars, friendlier reps",0,Product: Functioning,Free Upgrade
2068,Male,S,2,53.28,Inactive,No,I expected customer service to recognize that I rent from their company every single day. I expect some difference for this loyalty.,0,Product: Functioning,Free Upgrade
2341,Male,M,2,18.77,Active,No,"it seems that they never have the class of car that I ordered.  also, the last time I got there earlier than I thought and they wouldn't let me have the car until the time that I had requested it because their computer wouldn't allow it.",0,Product: Functioning,Free Upgrade
2558,Male,S,0,55.11,Inactive,No,Customer Service at Alamo was RUDE. We waited in line for over an hour to get our car. Car was bad. Had to change it few days later. Another family traveling with us was upgraded to a larger car as they were out of the type of car booked.,0,Product: Functioning,Free Upgrade
3,Male,M,0,48.5,Inactive,Yes,Car rental cost was higher because I decided to pay cash,0,Product: Availability/Variety/Size,Free Upgrade
4,Male,M,2,65.2,Inactive,Yes,I had to pay more because of some hidden fees. It disappointed me.,0,Product: Availability/Variety/Size,Free Upgrade
6,Male,M,1,46,Inactive,Yes,They did not have the car I wanted.  upgraded me to a car I did not like and did not want.,0,Product: Availability/Variety/Size,Free Upgrade
7,Male,M,1,55,Inactive,Yes,They did not have the car I wanted.  upgraded me to a car I did not like and did not want.,0,Product: Availability/Variety/Size,Free Upgrade
8,Male,M,1,26,Inactive,Yes,They did not have the car I wanted. Upgraded me to a car I did not like and did not want.,0,Product: Availability/Variety/Size,Free Upgrade
10,Male,M,1,46,Inactive,Yes,They did not have the car I wanted.  upgraded me to a car I did not like and did not want.,0,Product: Availability/Variety/Size,Free Upgrade
12,Male,M,1,46,Inactive,Yes,They did not have the car I wanted.  upgraded me to a car I did not like and did not want.,0,Product: Availability/Variety/Size,Free Upgrade
13,Male,M,1,46,Inactive,Yes,They did not have the car I wanted. Upgraded me to a car I did not like and did not want.,0,Product: Availability/Variety/Size,Free Upgrade
14,Male,M,1,46,Inactive,Yes,They did not have the car I wanted.  upgraded me to a car I did not like and did not want.,0,Product: Availability/Variety/Size,Free Upgrade
15,Male,M,1,46,Inactive,Yes,They did not have the car I wanted. Upgraded me to a car I did not like and did not want.,0,Product: Availability/Variety/Size,Free Upgrade
16,Male,M,1,46,Inactive,Yes,They did not have the car I wanted.  upgraded me to a car I did not like and did not want.,0,Product: Availability/Variety/Size,Free Upgrade
17,Male,S,1,53.04,Inactive,No,Please back to lower the prices.,0,Product: Pricing and Billing,Free Upgrade
22,Male,S,1,54.02,Inactive,No,Please stop increasing the prices.,0,Product: Pricing and Billing,Free Upgrade
30,Male,D,1,33,Active,No,Did not have some problems. My car was not ready on time.,0,Service: Accessibility,Free Upgrade
38,Male,S,2,20.4,Inactive,No,They could really try work harder.,0,Service: Attitude,Free Upgrade
239,Male,M,1,46,Inactive,Yes,They did not have the car I wanted.  upgraded me to a car I did not like and did not want.,0,Product: Availability/Variety/Size,Free Upgrade
239,Male,S,1,25,Inactive,Yes,They did not have the car I wanted.  upgraded me to a van which was dirty.,0,Product: Availability/Variety/Size,Free Upgrade
239,Male,S,1,32,Inactive,Yes,They did not have the car I wanted.  upgraded me to a car I did not like.,0,Product: Availability/Variety/Size,Free Upgrade
239,Male,S,1,52,Inactive,Yes,They did not have the car I wanted.  upgraded me to a vehicle I did not like and did not want.,0,Product: Availability/Variety/Size,Free Upgrade
247,Male,M,0,44,Inactive,No,"delayed shuttle, almost missed flight, bad customer service",0,Product: Functioning,Free Upgrade
686,Male,M,1,63.65,Inactive,No,"Was average, nothing out of the ordinary.  Took a long time to get the car.",0,Product: Functioning,Free Upgrade
759,Male,M,0,45.49,Inactive,No,"I haven't actually spoken with anyone from a car rental organization for quite a while.  When I did (probably about three years ago), I believe they were polite enough. However, I always hate to wait in lines when we have a lot of luggage.",0,Product: Functioning,Free Upgrade
803,Male,S,1,42.23,Inactive,Yes,speed up the rental process!,0,Product: Functioning,Free Upgrade
1365,Male,S,0,48,Inactive,Yes,"The only complaint I have is getting in fast, and not waiting in long lines. When I pick up a car. Or return it.",0,Product: Functioning,On-demand pickup location
1645,Male,S,1,56.05,Inactive,No,More agents during peak hours,0,Product: Functioning,On-demand pickup location
3541,Male,S,1,17.01,Inactive,Yes,"Slow, long lineup",0,Product: Functioning,On-demand pickup location
3716,Male,M,2,61.71,Inactive,Yes,The company was overwhelmed by the number of customers verse the number of available agents and they were not articulating their situation to the customers well enough. I think we waited for almost 3 hours just to get a rental auto. It was ridiculous.,0,Service: Orders/Contracts,On-demand pickup location
3785,Male,S,1,17.01,Inactive,Yes,The auto should have been brought to us instead of us trying to find it in the lot.,0,Product: Information,On-demand pickup location
1646,Male,S,2,62.75,Active,Yes,Most windows were closed.,0,Product: Functioning,On-demand pickup location
1647,Male,S,0,55.34,Inactive,Yes,the agent obviously hates their job more than I hate mine and that surprises me,0,Product: Functioning,On-demand pickup location
1897,Male,M,1,46.83,Inactive,Yes,long lines waiting for the rental pick.,0,Product: Functioning,On-demand pickup location
2061,Male,S,1,43.91,Active,Yes,"The rental clerk was lovely, but I swear she was deaf.  We had to repeat everything twice and although we had a reservation she treated us like a walk in, so that all the information that we gave to reserve the auto we had to repeat all over again.",0,Service: Knowledge,On-demand pickup location
2222,Male,S,0,53.69,Inactive,No,long lines waiting for the rental pick.,0,Product: Functioning,On-demand pickup location
2329,Male,S,0,55.34,Inactive,Yes,"Customer service was hopeless. They care less about your having reserved a certain auto, but they are quick to upgrade you to a better one when you start causing a fuss. It would be nicer if no fuss was required and you got upgraded by default.",0,Product: Functioning,On-demand pickup location
41,Male,M,2,60.2,Inactive,Yes,It took us almost three hours just to get a auto! It was absurd.,0,Service: Orders/Contracts,On-demand pickup location
1365,Male,S,0,48,Inactive,Yes,"The only complaint I have is getting in fast, and not waiting in long lines. When I pick up a auto. Or return it.",0,Product: Functioning,On-demand pickup location
1645,Male,S,1,56.05,Inactive,No,More agents during peak hours,0,Product: Functioning,On-demand pickup location
3541,Male,S,1,17.01,Inactive,Yes,"Slow, long lineup",0,Product: Functioning,On-demand pickup location
3716,Male,M,2,61.71,Inactive,Yes,The company was overwhelmed by the number of customers verse the number of available agents and they were not articulating their situation to the customers well enough. I think we waited for almost 3 hours just to get a rental car. It was ridiculous.,0,Service: Orders/Contracts,On-demand pickup location
3785,Male,S,1,17.01,Inactive,Yes,The car should have been brought to us instead of us trying to find it in the lot.,0,Product: Information,On-demand pickup location
1646,Male,S,2,62.75,Active,Yes,Most windows were closed.,0,Product: Functioning,On-demand pickup location
1647,Male,S,0,55.34,Inactive,Yes,the agent obviously hates their job more than I hate mine and that surprises me,0,Product: Functioning,On-demand pickup location
1897,Male,M,1,46.83,Inactive,Yes,long lines waiting for the rental pick.,0,Product: Functioning,On-demand pickup location
2061,Male,S,1,43.91,Active,Yes,"The rental clerk was nice, but I swear she was deaf.  We had to repeat everything twice and although we had a reservation she treated us like a walk in, so that all the information that we gave to reserve the car we had to repeat all over again.",0,Service: Knowledge,On-demand pickup location
2222,Male,S,0,53.69,Inactive,No,long lines waiting for the rental pick.,0,Product: Functioning,On-demand pickup location
2329,Male,S,0,55.34,Inactive,Yes,"Customer service was hopeless. They care less about your having reserved a certain car, but they are quick to upgrade you to a better one when you start causing a fuss. It would be nicer if no fuss was required and you got upgraded by default.",0,Product: Functioning,On-demand pickup location
41,Male,M,2,60.2,Inactive,Yes,It took us almost three hours just to get a car! It was absurd.,0,Service: Orders/Contracts,On-demand pickup location
1069,Male,S,2,53.28,Inactive,No,they could not provide driving directions,0,Service: Knowledge,Premium features
1148,Male,M,2,18.77,Inactive,No,they were a little slow,0,Product: Functioning,Premium features
1171,Male,S,0,38.73,Active,No,I would like the reps be knowledgeable about the immediate area around the rental agency and or have maps for the area available free of charge.,0,Product: Functioning,Premium features
1346,Male,M,0,50,Inactive,Yes,outlining the cost of gas per gallon charged if vehicle was returned without full tank,0,Product: Pricing and Billing,Premium features
3411,Male,M,1,58.71,Inactive,Yes,"customer service was great until we returned the auto. I experienced an issue with damage to the auto, and felt that things were left unanswered and still waiting for a response from them.",0,Service: Knowledge,Premium features
3699,Male,M,2,61.71,Inactive,Yes,"It would be lovely if they included maps to the airport drop off with the auto, last time we got lost returning the auto and almost missed the flight.  There was nothing on the exit that indicated rental returns.  Actually the one I really liked, was when we",0,Product: Information,Premium features
1760,Male,M,0,42.17,Inactive,No,"States have different rules and regulations pertaining to speed, radar detectors, even when light should be on.  Customer services reps should have a handout or be knowledgeable of a particular state's laws.",0,Service: Knowledge,Premium features
1854,Male,S,0,40.18,Inactive,No,"We had an issue with our last vacation auto rental.  Instead of crediting the rental amount, the company issued a certificate for one free day (could have been 2, I don't exactly remember).  I would have rather had the credit for our current rental.",0,Product: Functioning,Premium features
20,Male,M,0,49,Inactive,Yes,I was penalty charged because vehicle was not returned with full tank.,0,Product: Pricing and Billing,Premium features
24,Male,M,0,51,Inactive,Yes,I do not  understand why I have to pay extra fee if vehicle is returned without a full tank.,0,Product: Pricing and Billing,Premium features
1069,Male,S,2,53.28,Inactive,No,they could not provide driving directions,0,Service: Knowledge,Premium features
1148,Male,M,2,18.77,Inactive,No,they were a little slow,0,Product: Functioning,Premium features
1171,Male,S,0,38.73,Active,No,I would like the reps be knowledgeable about the immediate area around the rental agency and or have maps for the area available free of charge.,0,Product: Functioning,Premium features
1346,Male,M,0,50,Inactive,Yes,outlining the cost of gas per gallon charged if vehicle was returned without full tank,0,Product: Pricing and Billing,Premium features
3411,Male,M,1,58.71,Inactive,Yes,"customer service was great until we returned the car.  I experienced an issue with damage to the car, and felt that things were left unanswered and still waiting for a response from them.",0,Service: Knowledge,Premium features
3699,Male,M,2,61.71,Inactive,Yes,"It would be nice if they included maps to the airport drop off with the car, last time we got lost returning the car and almost missed the flight.  There was nothing on the exit that indicated rental returns.  Actually the one I really liked, was when we",0,Product: Information,Premium features
1760,Male,M,0,42.17,Inactive,No,"States have different rules and regulations pertaining to speed, radar detectors, even when light should be on.  Customer services reps should have a handout or be knowledgeable of a particular state's laws.",0,Service: Knowledge,Premium features
1854,Male,S,0,40.18,Inactive,No,"We had an issue with our last vacation car rental.  Instead of crediting the rental amount, the company issued a certificate for one free day (could have been 2, I don't exactly remember).  I would have rather had the credit for our current rental.",0,Product: Functioning,Premium features
20,Male,M,0,49,Inactive,Yes,I was penalty charged because vehicle was not returned with full tank.,0,Product: Pricing and Billing,Premium features
24,Male,M,0,51,Inactive,Yes,I do not  understand why I have to pay additional fee if vehicle is returned without a full tank.,0,Product: Pricing and Billing,Premium features
1350,Male,M,1,52.27,Inactive,Yes,I thought that they were very short and not very friendly. I felt like they hated their job and could care less about the customer.,0,Product: Functioning,Voucher
3180,Male,M,1,54.96,Active,Yes,"They couldn't find my confirmation number in their system, which was rather frustrating.",0,Service: Orders/Contracts,Voucher
3806,Male,S,1,14.64,Active,Yes,Having knowledgeable personnel is very important,0,Service: Knowledge,Voucher
2312,Male,S,2,53.28,Inactive,No,It was absolutely ATROCIOUS! My wife and I were in a foreign country  when we realized that our auto had an expired license plate and expired proof of insurance!,0,Product: Functioning,Voucher
2464,Male,S,1,57.55,Inactive,No,slow and stupid,0,Product: Functioning,Voucher
40,Male,M,1,52.1,Active,Yes,"They had problem to find reservation number, so whole process took too long time.",0,Service: Orders/Contracts,Voucher
191,Male,M,0,45.51,Inactive,Yes,what customer service? It was a nightmare,0,Service: Knowledge,Voucher
1350,Male,M,1,52.27,Inactive,Yes,I thought that they were very short and not very friendly. I felt like they hated their job and could care less about the customer.,0,Product: Functioning,Voucher
3180,Male,M,1,54.96,Active,Yes,"They couldn't find my confirmation number in their system, which was rather frustrating.",0,Service: Orders/Contracts,Voucher
3806,Male,S,1,14.64,Active,Yes,Having knowledgeable personnel is very important,0,Service: Knowledge,Voucher
2312,Male,S,2,53.28,Inactive,No,It was absolutely ATROCIOUS! My wife and I were in a foreign country  when we realized that our car had an expired license plate and expired proof of insurance!,0,Product: Functioning,Voucher
2464,Male,S,1,57.55,Inactive,No,slow and stupid,0,Product: Functioning,Voucher
40,Male,M,1,52.1,Active,Yes,"They had problem to find reservation number, so whole process took too long time.",0,Service: Orders/Contracts,Voucher
191,Male,M,0,45.51,Inactive,Yes,what customer service? It was a nightmare,0,Service: Knowledge,Voucher
1246,Female,S,0,46,Inactive,No,"Had problems with windshield wipers that affected usability.  Problem was not solved.  Customer service was NOT helpful. Because of franchising, I was not able to get help from an office other than the one I rented from.  I had driven 60 miles from that location and there was another location 2 miles from where I was staying.",0,Product: Functioning,Free Upgrade
1360,Female,S,0,48.53,Active,Yes,they should not try so hard to up sell,0,Service: Attitude,Free Upgrade
3789,Female,S,0,48,Active,No,"My last auto rental was in Costa Rica.  There was lots of red tape associated with renting the auto, it took almost an hour.  I don't usually experience that type of problem in the US.",0,Product: Functioning,Free Upgrade
1,Female,M,2,43,Inactive,Yes,"Initially the representative handled the situation badly.  No auto was available, even next day.  Then the rep helped to find us a auto in another agency.",0,Product: Availability/Variety/Size,Free Upgrade
29,Female,M,2,44.03,Active,No,VERY slow service!,0,Service: Accessibility,Free Upgrade
33,Female,S,0,45.3,Active,Yes,Do not try sell what I do not need.,0,Service: Attitude,Free Upgrade
36,Female,S,1,62.79,Inactive,Yes,They were idiots.  The auto had problems and they were unable to fix them or provide a replacement without a lot of hassle.,0,Product: Functioning,Free Upgrade
83,Female,M,2,48.85,Inactive,Yes,"I thought the representative handled the initial situation badly.  The company was out of vans, with none coming in that day.  Then the representative tried to find us a auto at another franchise.  There they were successful.",0,Product: Availability/Variety/Size,Free Upgrade
587,Female,D,1,42.39,Active,No,I would like them to be more speedy.  Also I would like the rental company to check the auto for previous damage while I am standing there.,0,Product: Functioning,Free Upgrade
626,Female,S,2,41.67,Inactive,No,"The only unpleasant aspects of interacting with personnel from the company was having to wait in a long line since most windows were closed. Also, they tried really hard to sell extra insurance coverage which was obnoxious.",0,Product: Functioning,Free Upgrade
772,Female,M,2,39.75,Active,Yes,They were too pushy in trying to sell insurance.,0,Product: Functioning,Free Upgrade
1246,Female,S,0,46,Inactive,No,"Had problems with windshield wipers that affected usability.  Problem was not solved.  Customer service was NOT cooperative. Because of franchising, I was not able to get help from an office other than the one I rented from.  I had driven 60 miles from that location and there was another location 2 miles from where I was staying.",0,Product: Functioning,Free Upgrade
1360,Female,S,0,48.53,Active,Yes,they should not try so hard to up sell,0,Service: Attitude,Free Upgrade
3789,Female,S,0,48,Active,No,"My last car rental was in Costa Rica.  There was lots of red tape associated with renting the car, it took almost an hour.  I don't usually experience that type of problem in the US.",0,Product: Functioning,Free Upgrade
1,Female,M,2,43,Inactive,Yes,"Initially the representative handled the situation badly.  No car was available, even next day.  Then the rep helped to find us a car in another agency.",0,Product: Availability/Variety/Size,Free Upgrade
9,Female,M,1,46,Inactive,Yes,They did not have the car I wanted. Upgraded me to a car I did not like and did not want.,0,Product: Availability/Variety/Size,Free Upgrade
29,Female,M,2,44.03,Active,No,VERY slow service!,0,Service: Accessibility,Free Upgrade
33,Female,S,0,45.3,Active,Yes,Do not try sell what I do not need.,0,Service: Attitude,Free Upgrade
36,Female,S,1,62.79,Inactive,Yes,They were idiots.  The car had problems and they were unable to fix them or provide a replacement without a lot of hassle.,0,Product: Functioning,Free Upgrade
83,Female,M,2,48.85,Inactive,Yes,"I thought the representative handled the initial situation badly.  The company was out of cars, with none coming in that day.  Then the representative tried to find us a car at another franchise.  There they were successful.",0,Product: Availability/Variety/Size,Free Upgrade
239,Female,M,1,46,Inactive,Yes,They did not have the car I wanted.  upgraded me to a vehicle I did not want.,0,Product: Availability/Variety/Size,Free Upgrade
239,Female,M,1,21,Inactive,Yes,They did not have the car I wanted. Car upgrade was disappointing.,0,Product: Availability/Variety/Size,Free Upgrade
239,Female,M,1,56,Inactive,Yes,They did not have the car I wanted. Proposed car was broken.,0,Product: Availability/Variety/Size,Free Upgrade
587,Female,D,1,42.39,Active,No,I would like them to be more speedy.  Also I would like the rental company to check the car for previous damage while I am standing there.,0,Product: Functioning,Free Upgrade
626,Female,S,2,41.67,Inactive,No,"The only unpleasant aspects of interacting with personnel from the company was having to wait in a long line since most windows were closed. Also, they tried really hard to sell additional insurance coverage which was obnoxious.",0,Product: Functioning,Free Upgrade
772,Female,M,2,39.75,Active,Yes,They were too pushy in trying to sell insurance.,0,Product: Functioning,Free Upgrade
1085,Female,S,2,42,Inactive,No,"Based on the customer service personnel I encountered most recently, I would say it is vastly preferable for the personnel to be able to at least pretend to care whether the customer ever actually receives a car rental that was reserved months in advance.",0,Service: Attitude,On-demand pickup location
1110,Female,M,2,52.97,Active,No,"The agents were not friendly when I checked in initially, that was annoying because I had just spent 3 hours on a plane and wanted to be greeted with a better attitude.",0,Product: Functioning,On-demand pickup location
1225,Female,M,0,42.35,Inactive,Yes,"The people where generally good, but overworked.  The printer went down.  The poor woman working the register was about to pull her hair out.  Customers were yelling at her, not me, but she was not in charge of the issues.",0,Product: Functioning,On-demand pickup location
1229,Female,M,0,12.34,Inactive,No,price too high and location off premise too far,0,Product: Pricing and Billing,On-demand pickup location
1379,Female,S,2,36.68,Inactive,Yes,"You need more staff to accommodate travelers who are in a hurry. Specifically, cut down the wait time to either retrieve or turn in a rental car.",0,Product: Functioning,On-demand pickup location
2775,Female,M,2,45.36,Active,No,Waiting line is too long. They need to accelerate the process.,0,Product: Functioning,On-demand pickup location
3430,Female,S,1,39.21,Inactive,Yes,"the better the customer service, the sooner the vacation starts",0,Product: Functioning,On-demand pickup location
3771,Female,M,2,45.36,Active,No,Provide more frequent pickup from the airport.,0,Service: Orders/Contracts,On-demand pickup location
1831,Female,S,0,53.01,Inactive,No,Customer service was fine.  We didn't care for the off site location.  Would not use that auto rental company at that airport again.,0,Service: Knowledge,On-demand pickup location
2064,Female,M,1,16.75,Active,Yes,the rep was chummy but it was so loud in there that I could not hear what she was saying. I HATE having to walk across a big lot with all of my bags in search of my auto which is always in the furthest corner.,0,Service: Knowledge,On-demand pickup location
2501,Female,M,1,63.93,Inactive,No,"The customer service agent was cooperative, but I find that providing all of the information to the agent takes too long.  It would be lovely if I could provide all of the information to the agent prior to coming the rental place.",0,Product: Functioning,On-demand pickup location
2771,Female,M,2,49.99,Inactive,No,"last time I rented a auto was at Manchester, NH airport and they do not have office there anymore",0,Product: Functioning,On-demand pickup location
19,Female,M,0,14.23,Inactive,No,Even economy class vans are too expensive.,0,Product: Pricing and Billing,On-demand pickup location
23,Female,M,0,16.1,Inactive,No,price TOO HIGH and off premise location is NOT convenient.,0,Product: Pricing and Billing,On-demand pickup location
32,Female,S,2,40.5,Inactive,No,"I would like the personnel to pretend they care about customer, at least.",0,Service: Attitude,On-demand pickup location
42,Female,M,2,44.1,Active,No,Provide more convenient auto pickup from the airport parking.,0,Service: Orders/Contracts,On-demand pickup location
1085,Female,S,2,42,Inactive,No,"Based on the customer service personnel I encountered most recently, I would say it is vastly preferable for the personnel to be able to at least pretend to care whether the customer ever actually receives a auto rental that was reserved months in advance.",0,Service: Attitude,On-demand pickup location
1110,Female,M,2,52.97,Active,No,"The agents were not friendly when I checked in initially, that was annoying because I had just spent 3 hours on a plane and wanted to be greeted with a better attitude.",0,Product: Functioning,On-demand pickup location
1225,Female,M,0,42.35,Inactive,Yes,"The people where generally good, but overworked.  The printer went down.  The poor woman working the register was about to pull her hair out.  Customers were yelling at her, not me, but she was not in charge of the issues.",0,Product: Functioning,On-demand pickup location
1229,Female,M,0,12.34,Inactive,No,price too high and location off premise too far,0,Product: Pricing and Billing,On-demand pickup location
1379,Female,S,2,36.68,Inactive,Yes,"You need more cadre to accommodate travelers who are in a hurry. Specifically, cut down the wait time to either retrieve or turn in a rental auto.",0,Product: Functioning,On-demand pickup location
2775,Female,M,2,45.36,Active,No,Waiting line is too long.  They need to speed up the process.,0,Product: Functioning,On-demand pickup location
3430,Female,S,1,39.21,Inactive,Yes,"the better the customer service, the sooner the vacation starts",0,Product: Functioning,On-demand pickup location
3771,Female,M,2,45.36,Active,No,Provide more frequent pickup from the airport.,0,Service: Orders/Contracts,On-demand pickup location
1831,Female,S,0,53.01,Inactive,No,Customer service was fine.  We didn't care for the off site location.  Would not use that car rental company at that airport again.,0,Service: Knowledge,On-demand pickup location
2064,Female,M,1,16.75,Active,Yes,the rep was friendly but it was so loud in there that I could not hear what she was saying. I HATE having to walk across a big lot with all of my bags in search of my car which is always in the furthest corner.,0,Service: Knowledge,On-demand pickup location
2501,Female,M,1,63.93,Inactive,No,"The customer service agent was helpful, but I find that providing all of the information to the agent takes too long.  It would be nice if I could provide all of the information to the agent prior to coming the rental place.",0,Product: Functioning,On-demand pickup location
2771,Female,M,2,49.99,Inactive,No,"last time I rented a car was at Manchester, NH airport and they do not have office there anymore",0,Product: Functioning,On-demand pickup location
19,Female,M,0,14.23,Inactive,No,Even economy class cars are too expensive.,0,Product: Pricing and Billing,On-demand pickup location
23,Female,M,0,16.1,Inactive,No,price TOO HIGH and off premise location is NOT convenient.,0,Product: Pricing and Billing,On-demand pickup location
32,Female,S,2,40.5,Inactive,No,"I would like the personnel to pretend they care about customer, at least.",0,Service: Attitude,On-demand pickup location
42,Female,M,2,44.1,Active,No,Provide more convenient car pickup from the airport parking.,0,Service: Orders/Contracts,On-demand pickup location
1309,Female,M,0,55.97,Active,No,"friendly, but could not making any decisions on own",0,Service: Knowledge,Premium features
3243,Female,S,0,53.69,Inactive,No,"Penalties for smoking in non-smoking vans should be more severe, and include decapitation.  Customer service was not receptive.",0,Product: Functioning,Premium features
1808,Female,M,2,33.49,Active,Yes,"Agents usually try to get you to take insurance and pay for full tank of gas.  Some persist even after a ""no thanks.""  Even after noting preferences on my frequent user file that says I don't want them.",0,Service: Attitude,Premium features
2082,Female,S,1,62.61,Inactive,No,"The person who assisted me was not very friendly and didn't like to give the details I was asking for (gas refill packages, insurance, etc.).",0,Product: Functioning,Premium features
34,Female,M,2,35.3,Active,Yes,Agents always want me to take extra insurance but this time they insisted too much.,0,Service: Attitude,Premium features
1309,Female,M,0,55.97,Active,No,"friendly, but could not making any decisions on own",0,Service: Knowledge,Premium features
3243,Female,S,0,53.69,Inactive,No,"Penalties for smoking in non-smoking cars should be more severe, and include decapitation.  Customer service was not receptive.",0,Product: Functioning,Premium features
1808,Female,M,2,33.49,Active,Yes,"Agents usually try to get you to take insurance and pay for full tank of gas.  Some persist even after a ""no thanks.""  Even after noting preferences on my frequent user file that says I don't want them.",0,Service: Attitude,Premium features
2082,Female,S,1,62.61,Inactive,No,"The person who assisted me was not very friendly and didn't like to give the details I was asking for (gas refill packages, insurance, etc.).",0,Product: Functioning,Premium features
34,Female,M,2,35.3,Active,Yes,Agents always want me to take extra insurance but this time they insisted too much.,0,Service: Attitude,Premium features
916,Female,S,1,33.49,Inactive,Yes,"For the most part, they it's been really good service.  I usually rent from the airports because it's much cheaper.  Once they charged me over and I had to hunt down the accounting department to get my money back.  it was a pain.",0,Product: Functioning,Voucher
954,Female,S,0,24,Inactive,No,I HATE how they pressure you to buy add-on service.,0,Product: Functioning,Voucher
1190,Female,M,1,52.15,Inactive,No,"I had to wait in line for a long time to get and return the vehicle.  Also, the car was not clean.",0,Product: Functioning,Voucher
1307,Female,M,0,55,Inactive,No,"I have had a few recent rentals that have taken a very very long time, with no offer of apology.  In the most recent case, the agent subsequently offered me a car type on an upgrade coupon and then told me it was no longer available because it had just be",0,Product: Availability/Variety/Size,Voucher
1480,Female,M,2,44.98,Active,No,They forgot to ask for my driver's license.,0,Service: Knowledge,Voucher
2993,Female,M,2,30.89,Active,No,"Customer service agent stated she did not have reserved model available and I would have to pay for upgrade to other model. I refused, and then received upgraded model at no charge.",0,Product: Functioning,Voucher
3348,Female,S,1,56.05,Inactive,No,My main matter was that the price quoted on the internet was not the price that I was invoiced.   I had to call the provider and straighten it out but it took time and was a hassle.,0,Product: Functioning,Voucher
3441,Female,M,0,15.38,Inactive,Yes,Customer service is horrible. I reserved through on-line which did not indicate/state I had to provide proof of insurance during pickup. The manager denied the reservation and after long and rude argument he finally gave in.,0,Product: Functioning,Voucher
2347,Female,S,2,21.78,Inactive,No,"The better the Customer service, the more likely it will be for me to rent from that company again  they should learn from this",0,Product: Functioning,Voucher
2608,Female,S,0,32.02,Active,No,Customer is important for the enjoyment of the auto.  If it's a bad experience we won't return to that company if we can avoid it - they should remember abotut this,0,Product: Functioning,Voucher
2,Female,M,0,51,Inactive,No,"I have had a few issues with rentals recently, with no offer of apology.  Last time, the agent offered me an upgrade coupon but now he told me it is no longer available.",0,Product: Availability/Variety/Size,Voucher
398,Female,S,1,57.55,Inactive,No,"""sorely lacking""  helpdesk was not much helpfull",0,Service: Knowledge,Voucher
560,Female,S,1,39.43,Inactive,No,"It took quite a long time, about 45 minutes to an hour.  Several attendants but the line was about 20-25 deep.  Check out was very quick.  A minute or two was all.  Overall a pretty good experience.",0,Service: Knowledge,Voucher
827,Female,S,2,52,Inactive,Yes,The counter girl seemed confused and she had lost our reservations. They directed us to one auto and then came running out to tell us that was the wrong auto and to come back to the counter. Getting directions took forever and they weren't accurate.,0,Product: Functioning,Voucher
916,Female,S,1,33.49,Inactive,Yes,"For the most part, they it's been really good service.  I usually rent from the airports because it's much cheaper.  Once they charged me over and I had to hunt down the accounting department to get my money back.  it was a pain.",0,Product: Functioning,Voucher
954,Female,S,0,24,Inactive,No,I HATE how they pressure you to buy add-on service.,0,Product: Functioning,Voucher
1190,Female,M,1,52.15,Inactive,No,"I had to wait in line for a long time to get and return the vehicle.  Also, the auto was not clean.",0,Product: Functioning,Voucher
1307,Female,M,0,55,Inactive,No,"I have had a few recent rentals that have taken a very very long time, with no offer of apology.  In the most recent case, the agent subsequently offered me a auto type on an upgrade coupon and then told me it was no longer available because it had just be",0,Product: Availability/Variety/Size,Voucher
1480,Female,M,2,44.98,Active,No,They forgot to ask for my driver's license.,0,Service: Knowledge,Voucher
2993,Female,M,2,30.89,Active,No,"Customer service agent stated she did not have reserved model available and I would have to pay for upgrade to other model. I refused, and then received upgraded model at no charge.",0,Product: Functioning,Voucher
3348,Female,S,1,56.05,Inactive,No,My main concern was that the price quoted on the internet was not the price that I was invoiced.   I had to call the provider and straighten it out but it took time and was a hassle.,0,Product: Functioning,Voucher
3441,Female,M,0,15.38,Inactive,Yes,Customer service is horrible. I reserved through on-line which did not indicate/state I had to provide proof of insurance during pickup. The manager denied the reservation and after long and rude argument he finally gave in.,0,Product: Functioning,Voucher
2347,Female,S,2,21.78,Inactive,No,"The better the Customer service, the more likely it will be for me to rent from that company again  they should learn from this",0,Product: Functioning,Voucher
2608,Female,S,0,32.02,Active,No,Customer is important for the enjoyment of the car.  If it's a bad experience we won't return to that company if we can avoid it - they should remember abotut this,0,Product: Functioning,Voucher
2,Female,M,0,51,Inactive,No,"I have had a few issues with rentals recently, with no offer of apology.  Last time, the agent offered me an upgrade coupon but now he told me it is no longer available.",0,Product: Availability/Variety/Size,Voucher
398,Female,S,1,57.55,Inactive,No,"""sorely lacking""  helpdesk was not much helpfull",0,Service: Knowledge,Voucher
560,Female,S,1,39.43,Inactive,No,"It took quite a long time, about 45 minutes to an hour.  Several attendants but the line was about 20-25 deep.  Check out was very quick.  A minute or two was all.  Overall a pretty good experience.",0,Service: Knowledge,Voucher
827,Female,S,2,52,Inactive,Yes,The counter girl seemed confused and she had lost our reservations. They directed us to one car and then came running out to tell us that was the wrong car and to come back to the counter. Getting directions took forever and they weren't accurate.,0,Product: Functioning,Voucher
930,Male,S,1,16.7,Active,No,The customer service was excellent,1,Service: Knowledge,NA
931,Male,S,1,14.69,Inactive,No,"Customer service was average.  They did not go above and beyond.  They did, however, do more than the minimum.",1,Product: Functioning,NA
956,Male,S,0,20,Inactive,No,Experience was fine,1,Service: Knowledge,NA
976,Male,M,1,38,Active,Yes,For the most part they are very nice.,1,Service: Attitude,NA
983,Male,M,2,34.95,Active,No,"Have not rented a car since last October.  Customer Service was good, shuttle service was available to and from airport.  Scheduled pickup was on time and they even found a package we had left in the car and brought it to the shuttle.",1,Service: Knowledge,NA
1060,Male,S,1,62.79,Inactive,Yes,No problems encountered,1,Service: Knowledge,NA
1064,Male,S,0,15.6,Inactive,No,Very satisfactory. Employees were very helpful in providing directions.,1,Service: Knowledge,NA
1098,Male,M,1,26.26,Active,No,Customer Service was quick and friendly.  I received my car with little hassles.,1,Service: Knowledge,NA
1127,Male,M,0,21.38,Active,No,no complaints,1,Service: Knowledge,NA
1162,Male,M,0,27.26,Active,Yes,Friendly and very well informed,1,Service: Knowledge,NA
1166,Male,M,2,46.84,Active,No,"I was happy that we arrived very late and there was still a live person to help us get our rental.  We had no problems with the car, and returned it easily.",1,Service: Accessibility,NA
1333,Male,S,0,16.06,Inactive,No,"Employees had nice, new uniforms.",1,Service: Knowledge,NA
1361,Male,M,0,15.38,Inactive,Yes,they were trying to satisfy me even though my wife tells me I was being rude,1,Product: Functioning,NA
1491,Male,S,0,29.03,Active,No,They provided the best service thus far. They are very friendly and helpful. I have rented from other companies before both cheaper and more expensive.,1,Product: Functioning,NA
1492,Male,S,0,32,Active,No,customer service was OK,1,Service: Knowledge,NA
1499,Male,M,2,49.99,Inactive,No,"We had a small problem with the size of car we reserved being available. The company was able to send another car over from a different location. We were delayed in getting on the road, but were satisfied with the car.",1,Product: Functioning,NA
1545,Male,S,1,14.64,Active,Yes,None I  rarely rent cars,1,Product: Functioning,NA
1547,Male,S,2,56.47,Active,No,"Customer service was great, but I wish they had searched the car when I returned it.  I left my Palm Pilot in the backseat for 2 days before I noticed it was missing!  Fortunately the car was still in the lot when I called and they were able to ship it to me.",1,Service: Knowledge,NA
1557,Male,M,0,60.37,Active,No,they were fine.,1,Service: Knowledge,NA
2851,Male,S,1,59.07,Inactive,No,they were fast and friendly.,1,Product: Functioning,NA
2855,Male,S,2,21.78,Inactive,No,"I guess it really DOES ""try harder.""",1,Service: Attitude,NA
2992,Male,M,2,16.7,Active,No,"Very lovely, free upgrade",1,Product: Functioning,NA
3056,Male,S,2,55.64,Active,No,"very welcoming, brought the auto to the hotel",1,Service: Knowledge,NA
3077,Male,M,2,18.84,Active,No,The customer service was very friendly and knowledgeable. She suggested to upgrade to the SUV and it worked out much better for our trip.,1,Service: Knowledge,NA
3078,Male,M,0,64.8,Active,No,it was fine,1,Service: Knowledge,NA
3118,Male,S,1,18.77,Active,No,Staff member was very pleasant. Provided map/directions to my hotel.,1,Service: Knowledge,NA
3152,Male,M,2,53.25,Active,Yes,Customer service was fine,1,Service: Knowledge,NA
3165,Male,M,2,22.88,Active,Yes,"I rented over the internet, and there were no problems with the reservation or pick-up of the vehicle.",1,Service: Accessibility,NA
3177,Male,M,0,38.41,Active,No,Customer service was fine as I recall. No problems.,1,Service: Knowledge,NA
3179,Male,S,0,22.23,Inactive,No,Customer service was extremely cooperative.  They knew I was visiting my 91 year old mother and upgraded at no cost to a auto that would be more comfortable for her.,1,Product: Functioning,NA
3186,Male,S,1,39.21,Inactive,Yes,It was very late at night and the customer service representative was very obliging and courteous.,1,Service: Knowledge,NA
3236,Male,M,2,16.7,Active,No,it was fine.,1,Service: Knowledge,NA
3300,Male,S,2,55.64,Active,No,the line was slow but the agent was ok,1,Service: Knowledge,NA
3315,Male,S,1,24.39,Inactive,No,"Well since I used to work for a auto rental company and at the time I rented I was still working with the company, I was treated with nothing but respect and received a free upgrade as well.",1,Product: Functioning,NA
3327,Male,D,0,32.85,Active,No,Its lovely when you get in your auto and it has already been started up with the A/C or heating going.,1,Product: Functioning,NA
3387,Male,M,2,51.52,Active,Yes,The service was attentive and professional. I was attended to quickly and courteously.,1,Service: Knowledge,NA
3409,Male,M,2,22.88,Active,Yes,Customer service was very good.,1,Service: Knowledge,NA
3631,Male,M,2,51.52,Active,Yes,I would have to say that Enterprise auto rental has the best customer service. They are very friendly and cooperative.,1,Service: Knowledge,NA
3705,Male,D,1,33,Active,No,Did not have any problems. My auto was ready on time and it was the one I had asked for.,1,Service: Accessibility,NA
3712,Male,M,0,54.01,Active,No,"I did everything on-line - never talked to an agent during booking.  There were no problems, even though I had to switch auto sizes after initial reservation. Agent on duty for pick-up was courteous.",1,Service: Knowledge,NA
3795,Male,M,0,46.51,Inactive,No,"all went quite smoothly... it was Enterprise, so they even picked me up to get the auto... it was very convenient.",1,Service: Accessibility,NA
1672,Male,M,2,52.63,Active,No,they were very lovely and willing to help in any way they could,1,Service: Knowledge,NA
1757,Male,M,1,47.85,Active,No,they were extremely cooperative and did whatever they could to help us.,1,Product: Functioning,NA
1954,Male,S,0,16.7,Active,No,Everything went fine.  Folks were friendly and informed.,1,Service: Knowledge,NA
2029,Male,M,0,53.68,Active,Yes,"It was okay, we got the auto quickly, which is the most important thing",1,Service: Knowledge,NA
2109,Male,M,2,25.03,Active,Yes,No suggestions.  Customer Service was good.,1,Service: Knowledge,NA
2117,Male,M,1,52.15,Inactive,No,long lines moved quickly,1,Product: Functioning,NA
2144,Male,M,2,22.88,Active,Yes,Service was fast. Car was parked close-by.,1,Service: Accessibility,NA
2236,Male,S,0,21,Inactive,No,Everyone was very friendly. They even drove us to the airport since we were running late for our flight.,1,Service: Knowledge,NA
2275,Male,M,1,53.68,Active,Yes,we got the auto quickly,1,Service: Orders/Contracts,NA
2301,Male,M,1,64.8,Active,No,they were very lovely,1,Service: Knowledge,NA
2306,Male,M,2,32.85,Active,No,Everything was fine with my last auto rental.,1,Service: Knowledge,NA
2359,Male,M,1,59.13,Active,No,they were friendly,1,Service: Knowledge,NA
2410,Male,M,1,47.85,Active,No,It was not as bad as it usually is.,1,Product: Functioning,NA
2491,Male,S,0,53.69,Inactive,No,I did not need to deal with customer service on my last vacation rental which was lovely,1,Service: Orders/Contracts,NA
2565,Male,M,0,24.55,Active,No,service was excellent,1,Service: Knowledge,NA
2570,Male,M,0,64.8,Active,No,No problems,1,Service: Knowledge,NA
2574,Male,S,1,43.91,Active,Yes,customer service was OK,1,Service: Knowledge,NA
2584,Male,S,1,39.43,Inactive,No,No complaints.,1,Product: Functioning,NA
2619,Male,M,1,16.33,Active,No,very limited (which is good).  quickly received auto.,1,Product: Functioning,NA
2624,Male,S,0,49.27,Active,No,Good experience with all the rental co.'s I contacted. I Just called with rental dates and received pricing and selected rental co.,1,Service: Knowledge,NA
2644,Male,M,2,53.25,Active,Yes,No problems,1,Service: Knowledge,NA
2654,Male,M,1,47.85,Active,No,Customer service was fine,1,Service: Knowledge,NA
2672,Male,M,1,54.96,Active,Yes,Customer service went out of their way to provide a auto that would fit our needs,1,Service: Knowledge,NA
5,Male,S,2,54.34,Active,No,Although there were no available auto in category stuff assisted in finding an available vehicle.,1,Product: Availability/Variety/Size,NA
11,Male,S,2,56.47,Active,No,If there was not a desired vehicle available the reps explored all options including competitors to assist in finding an available vehicle. This level of service brought me back not to their competitor but the company as this reflects on their overall quality.,1,Product: Availability/Variety/Size,NA
18,Male,M,1,64.8,Active,No,The rental auto guy was cute.,1,Service: Attitude,NA
26,Male,M,2,46.84,Active,No,There was still a live person however we arrived very late.  We had no problems with van return.,1,Service: Accessibility,NA
27,Male,M,2,22.88,Active,Yes,Service was incredibly fast. Car was parked in area close to rental office.,1,Service: Accessibility,NA
28,Male,M,2,22.88,Active,Yes,"I reserved the auto over internet,, and had no problems with pick-up of the vehicle.",1,Service: Accessibility,NA
35,Male,M,1,66.2,Active,No,The rental auto person was impertinent.,1,Service: Attitude,NA
37,Male,M,1,35.1,Active,Yes,Guys were extremely lovely.,1,Service: Attitude,NA
43,Male,M,2,50.1,Active,No,"We dealt with customer service at auto pick-up place, and drive off in few minutes.",1,Service: Orders/Contracts,NA
44,Male,M,1,52.1,Active,Yes,We got our auto very quickly.,1,Service: Orders/Contracts,NA
45,Male,S,2,53.28,Inactive,No,"It was good, got the auto we wanted without much of a wait in picking up and dropping off",1,Service: Knowledge,NA
46,Male,S,0,55.2,Inactive,No,"I get keys from customer service and was able to start my vacation,it was lovely",1,Service: Orders/Contracts,NA
74,Male,M,1,26.26,Active,No,"no wait for pick up and drop off was great, help with luggage, face to face directions to hotel, recommended entertainment for area.",1,Product: Information,NA
414,Male,M,2,35.65,Active,No,Person very friendly but only person working counter,1,Service: Knowledge,NA
418,Male,M,2,16.7,Active,No,"They provided good service.   It was easy to make on-line reservations, the airport bus took me directly and quickly to the auto, gas tank filled, customer service friendly and helped with directions and luggage.",1,Service: Knowledge,NA
473,Male,M,2,52.87,Active,No,"We dealt very little with customer service, and we only walked to the auto assigned for us, and drive away.",1,Service: Orders/Contracts,NA
530,Male,M,0,64.8,Active,No,"Experience was fine, usually try to get you to upgrade.",1,Service: Knowledge,NA
690,Male,M,2,51.52,Active,Yes,"We needed a minivan on very short notice to drive out of town to a funeral.  Enterprise cadre worked hard to find us one, and they did. We smashed the auto into a parking garage pole.  Since we had purchased the comprehensive insurance we didn't have to go through all of the B.S.",1,Product: Functioning,NA
771,Male,M,1,54.96,Active,Yes,Customer Service was fine. They were able to upgrade me for $2 a day to the next class...that was lovely.,1,Service: Knowledge,NA
841,Male,M,1,60.59,Inactive,No,The representatives were cooperative and considerate,1,Product: Functioning,NA
930,Male,S,1,16.7,Active,No,The customer service was excellent,1,Service: Knowledge,NA
931,Male,S,1,14.69,Inactive,No,"Customer service was average.  They did not go above and beyond.  They did, however, do more than the minimum.",1,Product: Functioning,NA
956,Male,S,0,20,Inactive,No,Experience was fine,1,Service: Knowledge,NA
976,Male,M,1,38,Active,Yes,For the most part they are very lovely.,1,Service: Attitude,NA
983,Male,M,2,34.95,Active,No,"Have not rented a auto since last October.  Customer Service was good, shuttle service was available to and from airport.  Scheduled pickup was on time and they even found a package we had left in the auto and brought it to the shuttle.",1,Service: Knowledge,NA
1060,Male,S,1,62.79,Inactive,Yes,No problems encountered,1,Service: Knowledge,NA
1064,Male,S,0,15.6,Inactive,No,Very satisfactory. Employees were very cooperative in providing directions.,1,Service: Knowledge,NA
1098,Male,M,1,26.26,Active,No,Customer Service was quick and friendly.  I received my auto with little hassles.,1,Service: Knowledge,NA
1127,Male,M,0,21.38,Active,No,no complaints,1,Service: Knowledge,NA
1162,Male,M,0,27.26,Active,Yes,Friendly and very well informed,1,Service: Knowledge,NA
1166,Male,M,2,46.84,Active,No,"I was cheerful that we arrived very late and there was still a live person to help us get our rental.  We had no problems with the auto, and returned it easily.",1,Service: Accessibility,NA
1333,Male,S,0,16.06,Inactive,No,"Employees had lovely, new uniforms.",1,Service: Knowledge,NA
1361,Male,M,0,15.38,Inactive,Yes,they were trying to satisfy me even though my wife tells me I was being rude,1,Product: Functioning,NA
1491,Male,S,0,29.03,Active,No,They provided the best service thus far. They are very friendly and cooperative. I have rented from other companies before both cheaper and more expensive.,1,Product: Functioning,NA
1492,Male,S,0,32,Active,No,customer service was OK,1,Service: Knowledge,NA
1499,Male,M,2,49.99,Inactive,No,"We had a small problem with the size of auto we reserved being available. The company was able to send another auto over from a different location. We were delayed in getting on the road, but were satisfied with the auto.",1,Product: Functioning,NA
1545,Male,S,1,14.64,Active,Yes,None I  rarely rent vans,1,Product: Functioning,NA
1547,Male,S,2,56.47,Active,No,"Customer service was great, but I wish they had searched the auto when I returned it.  I left my Palm Pilot in the backseat for 2 days before I noticed it was missing!  Fortunately the auto was still in the lot when I called and they were able to ship it to me.",1,Service: Knowledge,NA
1557,Male,M,0,60.37,Active,No,they were fine.,1,Service: Knowledge,NA
2851,Male,S,1,59.07,Inactive,No,they were fast and friendly.,1,Product: Functioning,NA
2855,Male,S,2,21.78,Inactive,No,"I guess it really DOES ""try harder.""",1,Service: Attitude,NA
2992,Male,M,2,16.7,Active,No,"Very nice, free upgrade",1,Product: Functioning,NA
3056,Male,S,2,55.64,Active,No,"very friendly, brought the car to the hotel",1,Service: Knowledge,NA
3077,Male,M,2,18.84,Active,No,The customer service was very friendly and knowledgeable. She suggested to upgrade to the SUV and it worked out much better for our trip.,1,Service: Knowledge,NA
3078,Male,M,0,64.8,Active,No,it was fine,1,Service: Knowledge,NA
3118,Male,S,1,18.77,Active,No,Staff member was very pleasant. Provided map/directions to my hotel.,1,Service: Knowledge,NA
3152,Male,M,2,53.25,Active,Yes,Customer service was fine,1,Service: Knowledge,NA
3165,Male,M,2,22.88,Active,Yes,"I rented over the internet, and there were no problems with the reservation or pick-up of the vehicle.",1,Service: Accessibility,NA
3177,Male,M,0,38.41,Active,No,Customer service was fine as I recall. No problems.,1,Service: Knowledge,NA
3179,Male,S,0,22.23,Inactive,No,Customer service was extremely helpful.  They knew I was visiting my 91 year old mother and upgraded at no cost to a car that would be more comfortable for her.,1,Product: Functioning,NA
3186,Male,S,1,39.21,Inactive,Yes,It was very late at night and the customer service representative was very obliging and courteous.,1,Service: Knowledge,NA
3236,Male,M,2,16.7,Active,No,it was fine.,1,Service: Knowledge,NA
3300,Male,S,2,55.64,Active,No,the line was slow but the agent was ok,1,Service: Knowledge,NA
3315,Male,S,1,24.39,Inactive,No,"Well since I used to work for a car rental company and at the time I rented I was still working with the company, I was treated with nothing but respect and received a free upgrade as well.",1,Product: Functioning,NA
3327,Male,D,0,32.85,Active,No,Its nice when you get in your car and it has already been started up with the A/C or heating going.,1,Product: Functioning,NA
3387,Male,M,2,51.52,Active,Yes,The service was polite and professional. I was attended to quickly and courteously.,1,Service: Knowledge,NA
3409,Male,M,2,22.88,Active,Yes,Customer service was very good.,1,Service: Knowledge,NA
3631,Male,M,2,51.52,Active,Yes,I would have to say that Enterprise car rental has the best customer service. They are very friendly and helpful.,1,Service: Knowledge,NA
3705,Male,D,1,33,Active,No,Did not have any problems. My car was ready on time and it was the one I had asked for.,1,Service: Accessibility,NA
3712,Male,M,0,54.01,Active,No,"I did everything on-line - never talked to an agent during booking.  There were no problems, even though I had to switch car sizes after initial reservation. Agent on duty for pick-up was courteous.",1,Service: Knowledge,NA
3795,Male,M,0,46.51,Inactive,No,"all went quite smoothly... it was Enterprise, so they even picked me up to get the car... it was very convenient.",1,Service: Accessibility,NA
1672,Male,M,2,52.63,Active,No,they were very nice and willing to help in any way they could,1,Service: Knowledge,NA
1757,Male,M,1,47.85,Active,No,they were extremely helpful and did whatever they could to help us.,1,Product: Functioning,NA
1954,Male,S,0,16.7,Active,No,Everything went fine.  Folks were friendly and informed.,1,Service: Knowledge,NA
2029,Male,M,0,53.68,Active,Yes,"It was okay, we got the car quickly, which is the most important thing",1,Service: Knowledge,NA
2109,Male,M,2,25.03,Active,Yes,No suggestions.  Customer Service was good.,1,Service: Knowledge,NA
2117,Male,M,1,52.15,Inactive,No,long lines moved quickly,1,Product: Functioning,NA
2144,Male,M,2,22.88,Active,Yes,Service was fast. Car was parked close-by.,1,Service: Accessibility,NA
2236,Male,S,0,21,Inactive,No,Everyone was very friendly. They even drove us to the airport since we were running late for our flight.,1,Service: Knowledge,NA
2275,Male,M,1,53.68,Active,Yes,we got the car quickly,1,Service: Orders/Contracts,NA
2301,Male,M,1,64.8,Active,No,they were very nice,1,Service: Knowledge,NA
2306,Male,M,2,32.85,Active,No,Everything was fine with my last car rental.,1,Service: Knowledge,NA
2359,Male,M,1,59.13,Active,No,they were friendly,1,Service: Knowledge,NA
2410,Male,M,1,47.85,Active,No,It was not as bad as it usually is.,1,Product: Functioning,NA
2491,Male,S,0,53.69,Inactive,No,I did not need to deal with customer service on my last vacation rental which was nice,1,Service: Orders/Contracts,NA
2565,Male,M,0,24.55,Active,No,service was excellent,1,Service: Knowledge,NA
2570,Male,M,0,64.8,Active,No,No problems,1,Service: Knowledge,NA
2574,Male,S,1,43.91,Active,Yes,customer service was OK,1,Service: Knowledge,NA
2584,Male,S,1,39.43,Inactive,No,No complaints.,1,Product: Functioning,NA
2619,Male,M,1,16.33,Active,No,very limited (which is good).  quickly received car.,1,Product: Functioning,NA
2624,Male,S,0,49.27,Active,No,Good experience with all the rental co.'s I contacted. I Just called with rental dates and received pricing and selected rental co.,1,Service: Knowledge,NA
2644,Male,M,2,53.25,Active,Yes,No problems,1,Service: Knowledge,NA
2654,Male,M,1,47.85,Active,No,Customer service was fine,1,Service: Knowledge,NA
2672,Male,M,1,54.96,Active,Yes,Customer service went out of their way to provide a car that would fit our needs,1,Service: Knowledge,NA
5,Male,S,2,54.34,Active,No,Although there were no available car in category stuff assisted in finding an available vehicle.,1,Product: Availability/Variety/Size,NA
11,Male,S,2,56.47,Active,No,If there was not a desired vehicle available the reps explored all options including competitors to assist in finding an available vehicle. This level of service brought me back not to their competitor but the company as this reflects on their overall quality.,1,Product: Availability/Variety/Size,NA
18,Male,M,1,64.8,Active,No,The rental car guy was cute.,1,Service: Attitude,NA
26,Male,M,2,46.84,Active,No,There was still a live person however we arrived very late.  We had no problems with car return.,1,Service: Accessibility,NA
27,Male,M,2,22.88,Active,Yes,Service was incredibly fast. Car was parked in area close to rental office.,1,Service: Accessibility,NA
28,Male,M,2,22.88,Active,Yes,"I reserved the car over internet,, and had no problems with pick-up of the vehicle.",1,Service: Accessibility,NA
35,Male,M,1,66.2,Active,No,The rental car person was impertinent.,1,Service: Attitude,NA
37,Male,M,1,35.1,Active,Yes,Guys were extremely nice.,1,Service: Attitude,NA
43,Male,M,2,50.1,Active,No,"We dealt with customer service at car pick-up place, and drive off in few minutes.",1,Service: Orders/Contracts,NA
44,Male,M,1,52.1,Active,Yes,We got our car very quickly.,1,Service: Orders/Contracts,NA
45,Male,S,2,53.28,Inactive,No,"It was good, got the car we wanted without much of a wait in picking up and dropping off",1,Service: Knowledge,NA
46,Male,S,0,55.2,Inactive,No,"I get keys from customer service and was able to start my vacation,it was nice",1,Service: Orders/Contracts,NA
74,Male,M,1,26.26,Active,No,"no wait for pick up and drop off was great, help with luggage, face to face directions to hotel, recommended entertainment for area.",1,Product: Information,NA
414,Male,M,2,35.65,Active,No,Person very friendly but only person working counter,1,Service: Knowledge,NA
418,Male,M,2,16.7,Active,No,"They provided good service.   It was easy to make on-line reservations, the airport bus took me directly and quickly to the car, gas tank filled, customer service friendly and helped with directions and luggage.",1,Service: Knowledge,NA
473,Male,M,2,52.87,Active,No,"We dealt very little with customer service, and we only walked to the car assigned for us, and drive away.",1,Service: Orders/Contracts,NA
530,Male,M,0,64.8,Active,No,"Experience was fine, usually try to get you to upgrade.",1,Service: Knowledge,NA
690,Male,M,2,51.52,Active,Yes,"We needed a minivan on very short notice to drive out of town to a funeral.  Enterprise staff worked hard to find us one, and they did. We smashed the car into a parking garage pole.  Since we had purchased the comprehensive insurance we didn't have to go through all of the B.S.",1,Product: Functioning,NA
771,Male,M,1,54.96,Active,Yes,Customer Service was fine. They were able to upgrade me for $2 a day to the next class...that was nice.,1,Service: Knowledge,NA
841,Male,M,1,60.59,Inactive,No,The representatives were helpful and considerate,1,Product: Functioning,NA
1018,Male,S,0,52.65,Active,Yes,it was a great experience,1,Service: Knowledge,NA
1087,Male,M,2,34.32,Inactive,No,Everything was great.  The line was a little long to get the car but it was a good experience.,1,Product: Functioning,NA
1119,Male,M,2,33.6,Active,Yes,Customer service was good at MSP airport and the process was very fast.  From getting off of the plane to leaving with my rental car was less than 45 minutes.,1,Service: Knowledge,NA
1277,Male,M,0,60,Active,Yes,It was fine,1,Service: Knowledge,NA
1282,Male,M,1,52,Active,No,not applicable,1,Product: Functioning,NA
1448,Male,M,2,47.97,Active,No,"customer service was very good and very professional, energetic",1,Service: Knowledge,NA
1460,Male,M,2,48.21,Active,No,friendly people,1,Product: Functioning,NA
2820,Male,M,2,26.03,Active,No,"Our customer service representative was attentive and well-dressed. He smiled appropriately and answered my questions, not from a rehearsed script, but from his own frame of reference. He shirt was neatly pressed and his hair was professionally coifed.",1,Service: Knowledge,NA
2870,Male,M,2,45.92,Inactive,Yes,"I never had to deal with customer service. The bus dropped me off at my auto, when I returned the auto, I had my receipt at that moment. I then got on the bus and left. Never having to wait in a line for customer service.",1,Product: Functioning,NA
2891,Male,S,0,55,Active,No,"They were actually very lovely. It was in Rome and there was a language barrier, but we overcame it.",1,Service: Knowledge,NA
2901,Male,M,2,14.57,Active,Yes,They offered detailed directions.,1,Product: Information,NA
2909,Male,M,0,45.51,Active,Yes,The woman at the counter was friendly and tried to accommodate me as best she could. The counter was close to the terminal and the whole thing was quick and expedient.,1,Service: Knowledge,NA
2944,Male,M,2,41.92,Active,No,Customer service was friendly and cooperative.,1,Service: Knowledge,NA
2963,Male,M,2,44.03,Active,No,They were competent.,1,Service: Knowledge,NA
3002,Male,S,0,24,Inactive,No,greater expedience - the rental and whole process was easy and fast,1,Service: Orders/Contracts,NA
3135,Male,S,0,42,Active,No,"My last experience was  seamless.  The only thing I didn't like was having to fill the tank with gas before turning it in.  It was inconvenient, but I didn't want to pay the hefty fill-up charge to the rental company.",1,Product: Pricing and Billing,NA
3156,Male,M,2,53.37,Active,Yes,"The people were very lovely.  Directions to and from our hotel, the rental company location and tourists attractions were given and they were cheerful to help us out.",1,Service: Knowledge,NA
3207,Male,M,2,44.03,Active,No,fast service,1,Service: Accessibility,NA
3264,Male,M,2,44.93,Active,No,I had no problems with the service,1,Service: Knowledge,NA
3301,Male,S,0,46,Active,No,"They were great as far as I could tell, they explained what needed to be done to use the University pricing.",1,Service: Knowledge,NA
3416,Female,M,1,48,Active,Yes,Customer service was very good,1,Service: Knowledge,NA
3420,Female,M,2,41,Active,No,service was good.,1,Service: Knowledge,NA
3556,Female,M,2,43,Active,No,"Very good. willing to drop me off and pick me up from location, upgraded me to higher level due to availability",1,Product: Functioning,NA
3676,Female,M,2,41.92,Active,No,"The service I have is always good, I have used the same company for many years and I know the counter personnel personally.  It is always good to know that they are willing to help you in any situation.",1,Service: Knowledge,NA
3707,Female,M,2,41.98,Active,Yes,"Last time I rented a auto was when I went skiing with my whole family.  We got a Chevy Blazer.  We didn't think it was as large as a Ford Explorer, so we asked to switch.  The agent was very lovely and gave us the Ford Explorer.",1,Service: Knowledge,NA
3725,Female,M,2,30.89,Active,No,I recently rented a auto and they were outstanding.  The customer service rep was very cooperative and courteous.  They even let me extend my rental by a couple of hours for no charge at all. I was very pleased with my experience and I would go back.,1,Service: Knowledge,NA
1745,Female,S,2,55,Active,No,"it was pleasant, I had no problem at all.",1,Service: Knowledge,NA
1779,Female,M,1,62,Active,Yes,They were very good and took care of what I needed. Very quick.,1,Service: Knowledge,NA
1782,Female,S,2,43,Active,Yes,The customer service people were very lovely.  During my vacation I locked my keys in the auto.  The rental company sent someone out with a new set of keys to unlock the auto.,1,Service: Knowledge,NA
1802,Female,S,0,39.79,Inactive,No,the service at the airport was very convenient.  no lines at the service desk.,1,Product: Functioning,NA
2140,Female,M,0,41,Active,No,Customer service was outstanding. Got a free upgrade without even asking. Everyone was very courteous and friendly.,1,Service: Knowledge,NA
2185,Female,M,1,64.64,Active,No,They had the class of auto that I ordered.,1,Product: Functioning,NA
2230,Female,M,2,48.21,Active,No,"Anywhere you go you will find good customer service and bad customer service.  Since I have rented so many vans, there have been too many experiences to recall so I can't say anything definitely bad",1,Product: Functioning,NA
2247,Female,M,2,31.13,Active,Yes,All the people I dealt with were pleasant and cooperative.,1,Service: Knowledge,NA
2317,Female,M,2,50.75,Active,No,"It was a good experience, received an upgrade at no charge.",1,Service: Knowledge,NA
2414,Female,M,1,52,Active,Yes,We did not have any trouble with customer service. No complaints.,1,Service: Knowledge,NA
2485,Female,M,2,30.89,Active,No,They were friendly and cooperative enough.,1,Service: Knowledge,NA
2516,Female,M,2,31.13,Active,Yes,My last rental experience for leisure was fine -- no service issues to speak of.,1,Service: Knowledge,NA
2601,Female,S,1,53.12,Active,Yes,People were lovely.  Service was fast.,1,Service: Knowledge,NA
2611,Female,S,2,56.19,Inactive,No,"Customer Service is great since you don't have to deal with any people, per se.  The auto is ready and waiting for you and the shuttle just drops you off to it.",1,Service: Knowledge,NA
2659,Female,M,1,43,Active,Yes,"For leisure/vacation, I have never personally rented the auto.  I have always left that up to my significant other and she did not complain to use this company",1,Service: Orders/Contracts,NA
21,Female,S,0,45,Active,No,"My experience up to date was  good.  It was inconvenient to return auto clean, but I had to pay the hefty charge for rental.",1,Product: Pricing and Billing,NA
25,Female,S,0,44,Active,No,"My experience was positive .The thing I didnt like was returning the auto with full tank.  It was time consuming, but I didn't want to pay fill-up charge to the rental company.",1,Product: Pricing and Billing,NA
31,Female,M,0,46.51,Inactive,No,"all went quite without hassle, they picked me up to get the auto it was great.",1,Service: Accessibility,NA
39,Female,S,0,22,Inactive,No,Wonderful experience - the rental and whole process was seamless,1,Service: Orders/Contracts,NA
47,Female,M,1,44.2,Active,Yes,I have never rented the auto for a week.  It was great experience. It was in agreement with what my friend said about this company.,1,Service: Orders/Contracts,NA
140,Female,S,0,36.92,Inactive,No,Everyone was very cooperative.  The auto was ready for me on time and I didn't have to wait a long time at the counter.,1,Product: Functioning,NA
375,Female,M,2,49.05,Active,Yes,adequate to the price. It was fine,1,Service: Knowledge,NA
442,Female,S,0,20,Inactive,No,They moved me in and out quickly. The shuttle driver drove like a maniac.,1,Product: Functioning,NA
488,Female,S,2,55,Active,No,The auto rental company that I went with had very good customer service. They were out of a certain auto I reserved and gave me a upgrade and apologized.,1,Service: Knowledge,NA
719,Female,M,2,13.91,Active,No,good good,1,Service: Knowledge,NA
782,Female,S,0,12.85,Active,No,They were cooperative and accommodating when I wanted to change the color of the auto.,1,Service: Knowledge,NA
900,Female,M,1,64.64,Active,No,Excellent response dealing with child seat.,1,Service: Accessibility,NA
1018,Female,S,0,52.65,Active,Yes,it was a great experience,1,Service: Knowledge,NA
1087,Female,M,2,34.32,Inactive,No,Everything was great.  The line was a little long to get the auto but it was a good experience.,1,Product: Functioning,NA
1119,Female,M,2,33.6,Active,Yes,Customer service was good at MSP airport and the process was very fast.  From getting off of the plane to leaving with my rental auto was less than 45 minutes.,1,Service: Knowledge,NA
1277,Female,M,0,60,Active,Yes,It was fine,1,Service: Knowledge,NA
1282,Female,M,1,52,Active,No,not applicable,1,Product: Functioning,NA
1448,Female,M,2,47.97,Active,No,"customer service was very good and very professional, energetic",1,Service: Knowledge,NA
1460,Female,M,2,48.21,Active,No,friendly people,1,Product: Functioning,NA
2820,Female,M,2,26.03,Active,No,"Our customer service representative was polite and well-dressed. He smiled appropriately and answered my questions, not from a rehearsed script, but from his own frame of reference. He shirt was neatly pressed and his hair was professionally coifed.",1,Service: Knowledge,NA
2870,Female,M,2,45.92,Inactive,Yes,"I never had to deal with customer service. The bus dropped me off at my car, when I returned the car, I had my receipt at that moment. I then got on the bus and left. Never having to wait in a line for customer service.",1,Product: Functioning,NA
2891,Female,S,0,55,Active,No,"They were actually very nice. It was in Rome and there was a language barrier, but we overcame it.",1,Service: Knowledge,NA
2901,Female,M,2,14.57,Active,Yes,They offered detailed directions.,1,Product: Information,NA
2909,Female,M,0,45.51,Active,Yes,The woman at the counter was friendly and tried to accommodate me as best she could. The counter was close to the terminal and the whole thing was quick and expedient.,1,Service: Knowledge,NA
2944,Female,M,2,41.92,Active,No,Customer service was friendly and helpful.,1,Service: Knowledge,NA
2963,Female,M,2,44.03,Active,No,They were competent.,1,Service: Knowledge,NA
3002,Female,S,0,24,Inactive,No,greater expedience - the rental and whole process was easy and fast,1,Service: Orders/Contracts,NA
3135,Female,S,0,42,Active,No,"My last experience was  seamless.  The only thing I didn't like was having to fill the tank with gas before turning it in.  It was inconvenient, but I didn't want to pay the hefty fill-up charge to the rental company.",1,Product: Pricing and Billing,NA
3156,Female,M,2,53.37,Active,Yes,"The people were very nice.  Directions to and from our hotel, the rental company location and tourists attractions were given and they were happy to help us out.",1,Service: Knowledge,NA
3207,Female,M,2,44.03,Active,No,fast service,1,Service: Accessibility,NA
3264,Female,M,2,44.93,Active,No,I had no problems with the service,1,Service: Knowledge,NA
3301,Female,S,0,46,Active,No,"They were great as far as I could tell, they explained what needed to be done to use the University pricing.",1,Service: Knowledge,NA
3416,Female,M,1,48,Active,Yes,Customer service was very good,1,Service: Knowledge,NA
3420,Female,M,2,41,Active,No,service was good.,1,Service: Knowledge,NA
3556,Female,M,2,43,Active,No,"Very good. willing to drop me off and pick me up from location, upgraded me to higher level due to availability",1,Product: Functioning,NA
3676,Female,M,2,41.92,Active,No,"The service I have is always good, I have used the same company for many years and I know the counter personnel personally.  It is always good to know that they are willing to help you in any situation.",1,Service: Knowledge,NA
3707,Female,M,2,41.98,Active,Yes,"Last time I rented a car was when I went skiing with my whole family.  We got a Chevy Blazer.  We didn't think it was as large as a Ford Explorer, so we asked to switch.  The agent was very nice and gave us the Ford Explorer.",1,Service: Knowledge,NA
3725,Female,M,2,30.89,Active,No,I recently rented a car and they were outstanding.  The customer service rep was very helpful and courteous.  They even let me extend my rental by a couple of hours for no charge at all. I was very pleased with my experience and I would go back.,1,Service: Knowledge,NA
1745,Female,S,2,55,Active,No,"it was fine, I had no problem at all.",1,Service: Knowledge,NA
1779,Female,M,1,62,Active,Yes,They were very good and took care of what I needed. Very quick.,1,Service: Knowledge,NA
1782,Female,S,2,43,Active,Yes,The customer service people were very nice.  During my vacation I locked my keys in the car.  The rental company sent someone out with a new set of keys to unlock the car.,1,Service: Knowledge,NA
1802,Female,S,0,39.79,Inactive,No,the service at the airport was very convenient.  no lines at the service desk.,1,Product: Functioning,NA
2140,Female,M,0,41,Active,No,Customer service was outstanding. Got a free upgrade without even asking. Everyone was very courteous and friendly.,1,Service: Knowledge,NA
2185,Female,M,1,64.64,Active,No,They had the class of car that I ordered.,1,Product: Functioning,NA
2230,Female,M,2,48.21,Active,No,"Anywhere you go you will find good customer service and bad customer service.  Since I have rented so many cars, there have been too many experiences to recall so I can't say anything definitely bad",1,Product: Functioning,NA
2247,Female,M,2,31.13,Active,Yes,All the people I dealt with were pleasant and helpful.,1,Service: Knowledge,NA
2317,Female,M,2,50.75,Active,No,"It was a good experience, received an upgrade at no charge.",1,Service: Knowledge,NA
2414,Female,M,1,52,Active,Yes,We did not have any trouble with customer service. No complaints.,1,Service: Knowledge,NA
2485,Female,M,2,30.89,Active,No,They were friendly and helpful enough.,1,Service: Knowledge,NA
2516,Female,M,2,31.13,Active,Yes,My last rental experience for leisure was fine -- no service issues to speak of.,1,Service: Knowledge,NA
2601,Female,S,1,53.12,Active,Yes,People were nice.  Service was fast.,1,Service: Knowledge,NA
2611,Female,S,2,56.19,Inactive,No,"Customer Service is great since you don't have to deal with any people, per se.  The car is ready and waiting for you and the shuttle just drops you off to it.",1,Service: Knowledge,NA
2659,Female,M,1,43,Active,Yes,"For leisure/vacation, I have never personally rented the car.  I have always left that up to my significant other and she did not complain to use this company",1,Service: Orders/Contracts,NA
21,Female,S,0,45,Active,No,"My experience up to date was  good.  It was inconvenient to return car clean, but I had to pay the hefty charge for rental.",1,Product: Pricing and Billing,NA
25,Female,S,0,44,Active,No,"My experience was positive .The thing I didnt like was returning the car with full tank.  It was time consuming, but I didn't want to pay fill-up charge to the rental company.",1,Product: Pricing and Billing,NA
31,Female,M,0,46.51,Inactive,No,"all went quite without hassle, they picked me up to get the car it was great.",1,Service: Accessibility,NA
39,Female,S,0,22,Inactive,No,Wonderful experience - the rental and whole process was seamless,1,Service: Orders/Contracts,NA
47,Female,M,1,44.2,Active,Yes,I have never rented the car for a week.  It was great experience. It was in agreement with what my friend said about this company.,1,Service: Orders/Contracts,NA
140,Female,S,0,36.92,Inactive,No,Everyone was very helpful.  The car was ready for me on time and I didn't have to wait a long time at the counter.,1,Product: Functioning,NA
375,Female,M,2,49.05,Active,Yes,adequate to the price. It was fine,1,Service: Knowledge,NA
442,Female,S,0,20,Inactive,No,They moved me in and out quickly. The shuttle driver drove like a maniac.,1,Product: Functioning,NA
488,Female,S,2,55,Active,No,The car rental company that I went with had very good customer service. They were out of a certain car I reserved and gave me a upgrade and apologized.,1,Service: Knowledge,NA
719,Female,M,2,13.91,Active,No,good good,1,Service: Knowledge,NA
782,Female,S,0,12.85,Active,No,They were helpful and accommodating when I wanted to change the color of the car.,1,Service: Knowledge,NA
900,Female,M,1,64.64,Active,No,Excellent response dealing with child seat.,1,Service: Accessibility,NA
